λ_start,λ_end,active_roots,active_direct,x_min,alpha,beta,margin,margin_exact
13/11,6/5,10,—,15,0.03037190082644628,0.07954545454545454,17.19214876033058,8321/484
6/5,11/9,10,—,15,0.028636363636363637,0.075,17.495454545454546,3849/220
11/9,16/13,10,—,15,0.026515151515151516,0.06944444444444445,17.866161616161616,7075/396
16/13,5/4,10,—,15,0.0256993006993007,0.0673076923076923,18.00874125874126,10301/572
5/4,14/11,10,—,15,0.023863636363636365,0.0625,18.329545454545453,1613/88
14/11,9/7,10,—,15,0.02169421487603306,0.056818181818181816,18.708677685950413,9055/484
9/7,13/10,10,—,15,0.020454545454545454,0.05357142857142857,18.925324675324674,5829/308
13/10,17/13,"9,10",—,15,0.04254769921436588,0.10555555555555556,18.756228956228956,27853/1485
17/13,4/3,"9,10,12",—,18,0.05375230775871802,0.14155982905982906,22.429360169744786,3002125/133848
4/3,15/11,"9,10,12",—,18,0.046585333390888946,0.12268518518518519,23.038778813778812,3558109/154440
15/11,11/8,"9,10,12",—,18,0.03811527277436368,0.10037878787878787,23.75900084763721,4484749/188760
11/8,18/13,"9,10,12",—,18,0.03493900004316671,0.0920138888888889,24.02908411033411,4948069/205920
18/13,7/5,"9,10,12",—,18,0.03225138465523081,0.08493589743589744,24.25761610184687,5411389/223080
7/5,17/12,"9,10,12",4,18,0.10146883672961761,0.1845522533022533,23.18900868556463,1707091339/73616400
17/12,10/7,"9,10,11,12",4,18,0.09803255142221731,0.1924614737114737,23.542952600688615,2079776899/88339680
10/7,13/9,"9,10,11,12",4,18,0.08402790121904341,0.16496697746697747,24.036816514875955,2477305459/103062960
13/9,16/11,"9,10,11,12","4,8",18,0.07740565430485465,0.15768799102132436,24.449010231491293,996838957/40772160
16/11,19/13,"9,10,11,12","4,8",18,0.06333189897669925,0.1290174471992654,24.91282655303833,1241471917/49832640
19/13,3/2,"9,10,11,12","4,8",18,0.08697528204011304,0.21333527583527584,24.528801955135,1444577677/58893120
3/2,20/13,12,—,18,0.033386752136752136,0.10416666666666667,26.294871794871796,2051/78
20/13,17/11,12,—,18,0.03081854043392505,0.09615384615384616,27.041420118343197,4570/169
17/11,14/9,"10,12",—,18,0.07374002260365897,0.20833333333333334,26.282528077982622,496109/18876
14/9,11/7,"10,12",—,18,0.07210135543468876,0.2037037037037037,26.498471898471898,511553/19305
11/7,19/12,"10,12",—,18,0.06952630702630702,0.19642857142857142,26.837812187812187,537293/20020
19/12,8/5,"10,11,12",—,18,0.10059547985684349,0.28566919191919193,26.403612170657624,5980735/226512
8/5,21/13,"10,11,12",—,18,0.09657166066256975,0.27424242424242423,26.78746768383132,6320503/235950
21/13,13/8,"10,11,12",—,18,0.09285736602170169,0.2636946386946387,27.14179584983781,6660271/245388
13/8,18/11,"10,11,12",—,18,0.09053593187115914,0.2571022727272727,27.363250953591862,6886783/251680
18/11,5/3,"10,11,12",—,18,0.08779241878415432,0.2493112947658402,27.624970621664836,7169923/259545
5/3,22/13,"10,11,12",—,18,0.08047638388547479,0.22853535353535354,28.3228897365261,8019343/283140
22/13,17/10,"10,11,12",—,18,0.07428589281736135,0.21095571095571095,28.913436679870248,8868763/306735
17/10,12/7,"9,10,11,12",—,18,0.1076139306821125,0.2890151515151515,28.373934096206824,26779319/943800
12/7,19/11,"9,10,11,12",—,18,0.1024894577924881,0.27525252525252525,28.737080091625547,28478159/990990
19/11,7/4,"9,10,11,12",—,18,0.14555811880192046,0.3877410468319559,28.083121905642567,58310671/2076360
7/4,23/13,"9,10,11,12",—,18,0.13740554829569981,0.3658459595959596,28.660854171081443,32460137/1132560
23/13,16/9,"9,10,11,12",—,18,0.16389397154257293,0.451486013986014,28.44457634440152,69799577/2453880
16/9,9/5,"9,10,11,12",—,18,0.16082804759151562,0.44325196408529743,28.66184317926742,11236589/392040
9/5,20/11,"9,10,11,12",—,18,0.15285664531876653,0.42184343434343435,29.226736949918767,82752583/2831400
20/11,11/6,"9,10,11,12",—,18,0.14633458891379,0.4043273645546373,29.68892276226987,36986935/1245816
11/6,24/13,"9,10,11,12",—,18,0.14089954190964293,0.3897306397306397,30.074077605895788,25545523/849420
24/13,13/7,"9,10,11,12",—,18,0.1363006559830569,0.37737956487956487,30.399977858194642,223793693/7361640
13/7,15/8,"9,10,11,12",6,18,0.19981594784083961,0.5020743145743146,29.329810052862,813835357/27747720
15/8,17/9,"9,10,11,12",6,18,0.18497820746873778,0.46796085858585856,29.95243140697686,2968256/99099
17/9,19/10,"9,10,11,12","6,8",18,0.19753898278163365,0.5001888543555211,29.944109455575074,55550313991/1855133280
19/10,21/11,"9,10,11,12","6,8",18,0.24453846229851475,0.6119755244755245,29.18633215415121,20053531889/687086400
21/11,23/12,"9,10,11,12","6,8",18,0.23501278392343766,0.5898009818464364,29.54360527116805,66986730983/2267385120
23/12,25/13,"9,10,11,12","6,8",18,0.26667526957506077,0.6849585599585599,29.014886587690345,71768642299/2473511040
25/13,2,"9,10,11,12","6,8",18,0.2599584450798141,0.6693226645149722,29.26680993943299,5228295041/178642464
2,27/13,"9,10,11,12",—,18,0.17935655113685417,0.48169191919191917,32.289890160344704,18285119/566280
27/13,25/12,"9,10,11,12",—,18,0.15176323557733815,0.4075854700854701,34.245291674137825,22918319/669240
25/12,23/11,"9,10,11,12",—,18,0.14946379261404513,0.40140993265993263,34.40824180028726,23381639/679536
23/11,21/10,"9,10,11,12",—,18,0.1944735418392443,0.5191115702479339,33.616728313009304,2326681/69212
21/10,19/9,"9,10,11,12",—,18,0.19121251363675607,0.5103535353535353,33.84782121918486,95836721/2831400
19/9,17/8,"9,10,11,12",8,18,0.27158115266401656,0.705311663644997,32.40622758840271,17176534651/530038080
17/8,15/7,"9,10,11,12",8,18,0.2635863712377043,0.684586247086247,32.82085907063507,2577230389/78524160
15/7,28/13,"9,10,11,12",8,18,0.25330736654673136,0.6579392829392829,33.353956690648126,13750230017/412251840
28/13,13/6,"9,10,11,12",8,18,0.2469818251984403,0.6415411511565358,33.68201676450231,2865256413/85067840
13/6,24/11,"9,10,11,12",8,18,0.23960202695876745,0.6224099974099974,34.064753517332186,601853885/17667936
24/11,11/5,"9,10,11,12",8,18,0.23088044722097223,0.5998004520731793,34.51707877067659,22361003083/647824320
11/5,20/9,"9,10,11,12",8,18,0.22041455153561798,0.5726689976689977,35.05986907468988,3441308461/98155200
20/9,29/13,"9,10,11,12",8,18,0.20762290125351832,0.5395083311749979,35.72327944626167,18934698449/530038080
29/13,9/4,"9,10,11,12",8,18,0.2360897878971552,0.6309208953439722,35.273309076353385,5401123583/153122112
9/4,25/11,"9,10,11,12",8,18,0.2250200905376459,0.6022241647241647,35.847414205598206,4222332133/117786240
25/11,16/7,"9,10,11,12",8,18,0.2119377209309531,0.5683098467189376,36.52590208561482,23662367681/647824320
16/7,23/10,"9,10,11,12",8,18,0.20446208115570003,0.5489302364302364,36.9136094456243,338171187/9161152
23/10,30/13,"9,10,11,12",8,18,0.2548808527115637,0.666501554001554,36.1456430971903,5321824241/147232800
30/13,7/3,"9,10,11,12",8,18,0.25045297376775993,0.655022861753631,36.37528514888823,3094366937/85067840
7/3,26/11,"9,10,11,12",8,18,0.2356933772884142,0.6167605542605542,37.14075865454799,6562005469/176679360
26/11,19/8,"9,10,11,12",8,18,0.21825021781282378,0.5715414635869182,38.0454091612368,24646741319/647824320
19/8,31/13,"9,10,11,12","7,8",18,0.2585415160026746,0.6617271617271617,37.43452555022469,432108657053/11543051520
31/13,12/5,"9,10,11,12","7,8",18,0.2827909207678877,0.7433037048421663,37.089536644412775,1391410905103/37514917440
12/5,29/12,"9,10,11,12","7,8",18,0.2681711649734252,0.7071595071595072,37.66575952331884,60385805933/1603201600
29/12,17/7,"9,10,11,12","7,8",18,0.29193364716027814,0.7816396566396566,37.463554694475334,648665612941/17314577280
17/7,22/9,"9,10,11,12","6,7,8",18,0.30784107346822903,0.804266170337599,37.368880221519994,754864091873/20200340160
22/9,27/11,"9,10,11,12","6,7,8",18,0.28670823564720177,0.7557311515644849,38.08352060678588,989100090961/25971865920
27/11,32/13,"9,10,11,12","6,7,8",18,0.27326006612472986,0.7248452305270487,38.538291761046,407778696683/10581130560
32/13,5/2,"9,10,11,12","6,7,8",18,0.2639497949168647,0.7034626698088237,38.85313332937992,1457572089137/37514917440
5/2,33/13,"9,10,11,12",—,18,0.2127433032736063,0.5858585858585859,40.5847619552165,22982339/566280
33/13,28/11,"9,10,11,12",—,18,0.1989466454938483,0.5488053613053613,41.56246271211306,4249554/102245
28/11,23/9,"9,10,11,12",—,18,0.196438162261165,0.5420684113865932,41.74022648609426,26000321/622908
23/9,18/7,"9,10,11,12",8,18,0.2892197577787451,0.7673799965466632,40.02666436343593,2651957041/66254760
18/7,31/12,"9,10,11,12",8,18,0.28008286472010246,0.7436938061938062,40.500528914558636,2782736261/68708640
31/12,13/5,"9,10,11,12",8,18,0.31283074589030785,0.8395655270655271,40.029481046908934,257177567/6424704
13/5,34/13,"9,10,11,12",8,18,0.3032370081787331,0.8146950271950272,40.52703882558777,2983454701/73616400
34/13,21/8,"9,10,11,12",8,18,0.29438125029112566,0.7917376426991811,40.98632292898363,3137956165/76561056
21/8,29/11,"9,10,11,12",8,18,0.28884640161137104,0.7773892773892774,41.273375493606046,1080319047/26174720
29/11,8/3,"9,10,11,12",8,18,0.33003248953529735,0.8854321183866638,40.62852852452344,411252326/10122255
8/3,35/13,"9,10,11,12",8,18,0.3125893300597069,0.8402130277130277,41.53317903121225,733805549/17667936
35/13,27/10,"9,10,11,12",8,18,0.29782973358036113,0.801950720219951,42.29865253687201,2024018441/47850660
27/10,19/7,"9,10,11,12",8,18,0.29340185463655744,0.790472027972028,42.528294588569935,4174373261/98155200
19/7,30/11,"9,10,11,12","6,8",18,0.4200930390449205,1.0397172272172273,40.25575092711706,29042137933/721440720
30/11,11/4,"9,10,11,12","6,8",18,0.40648492708052464,1.0080393091756727,40.766141094283974,10270282413/251931680
11/4,36/13,"9,10,11,12","6,8",18,0.38267073114283195,0.9526029526029526,41.65932388682607,34348265851/824503680
36/13,25/9,"9,10,11,12","6,8",18,0.362520257657092,0.9056952662721893,42.415093942054,3444153133/81201120
25/9,14/5,"9,10,11,12","6,8",18,0.35356449166342974,0.884847405680739,42.75099174437752,39654393769/927566640
14/5,31/11,"9,10,11,12","6,8",18,0.33027950007990803,0.8306429681429681,43.624326030418686,44960521687/1030629600
31/11,17/6,"9,10,11,12","6,8",18,0.3589554160570266,0.911293882884792,43.35478135536146,49150993063/1133692560
17/6,37/13,"9,10,11,12","6,8",18,0.3430792854318981,0.8743363118363119,43.95023655038952,54355697659/1236755520
37/13,20/7,"9,10,11,12","6,8",18,0.3630323885781569,0.947231187615803,43.7489550487466,11723131691/267963696
20/7,23/8,"9,10,11,12","6,8",18,0.3515178323005912,0.9204267954267954,44.18082365173399,63747690451/1442881440
23/8,26/9,"9,10,11,12","6,7,8",18,0.36824969853282685,0.9541829698079698,44.16732245660115,509825678617/11543051520
26/9,29/10,"9,10,11,12","6,7,8",18,0.349758465439428,0.9117148283814951,44.7926327937088,52879466051/1180539360
29/10,32/11,"9,10,11,12","6,7,8",18,0.39360745427335087,1.0166292041292042,44.09843661895048,14139736829/320640320
32/11,35/12,"9,10,11,12","6,7,8",18,0.38150410170312615,0.9888318751955115,44.507730657784585,706413163529/15871695840
35/12,38/13,"9,10,11,12","6,7,8",18,0.37141797456127223,0.9656674344174344,44.84880902347967,776538169753/17314577280
38/13,3,"9,10,11,12","6,7,8",18,0.36288355928739585,0.9460667537590615,45.13741379445243,282221058659/6252486240
3,40/13,"9,10,11,12",—,18,0.26047057600087903,0.7108585858585859,48.60067104612559,6880397/141570
40/13,37/12,"9,10,11,12",—,18,0.232877260441363,0.6367521367521367,50.55607255991871,16917073/334620
37/12,34/11,"9,10,11,12",—,18,0.27017836844225734,0.7442129629629629,49.892576405076404,15410819/308880
34/11,31/10,"9,10,11,12",—,18,0.2674608449401838,0.7369146005509641,50.08515382688936,10399481/207636
31/10,28/9,"9,10,11,12",—,18,0.3228417920463375,0.8670454545454546,49.12180228862047,15453719/314600
28/9,25/8,"9,10,11,12",—,18,0.318856090909963,0.856341189674523,49.40424917394614,31473718/637065
25/8,22/7,"9,10,11,12",—,18,0.3138739644894948,0.8429608585858586,49.757307780603234,112706273/2265120
22/7,41/13,"9,10,11,12",—,18,0.3074683733774643,0.8257575757575758,50.21124027487664,16586279/330330
41/13,19/6,"9,10,11,12",—,18,0.3369132232914284,0.9193376068376068,49.78545514314745,16659209/334620
19/6,35/11,"9,10,11,12",—,18,0.3323143373648424,0.906986531986532,50.1113553954463,17026235/339768
35/11,16/5,"9,10,11,12",—,18,0.3268792903606953,0.8923898071625345,50.49651023907222,52424467/1038180
16/5,29/9,"9,10,11,12",—,18,0.3203572339557188,0.8748737373737374,50.958696051423324,2774701/54450
29/9,42/13,"9,10,11,12",8,18,0.3726389317998519,1.0003669170335836,50.29213231056908,26656745249/530038080
42/13,13/4,"9,10,11,12",8,18,0.3677190663067367,0.9876128145358914,50.547290145789006,7739907823/153122112
13/4,36/11,"9,10,11,12",8,18,0.3566493689472273,0.958916083916084,51.12139527503383,2007132311/39262080
36/11,23/7,"9,10,11,12",8,18,0.34356699934053453,0.9250017659108568,51.79988315505043,33557224081/647824320
23/7,33/10,"9,10,11,12","6,8",18,0.43727715068613754,1.1085442335442335,50.163324196962435,28951891781/577152576
33/10,43/13,"9,10,11,12","6,8",18,0.4223082275253021,1.0736985236985237,50.72475338084604,52278432287/1030629600
43/13,10/3,"9,10,11,12","6,8",18,0.44763479026775826,1.1591021158328851,50.321933197809,89896341397/1786424640
10/3,37/11,"9,10,11,12","6,8",18,0.4207674922867716,1.096558534058534,51.32962660477958,63482199043/1236755520
37/11,27/8,"9,10,11,12","6,8",18,0.4367425037637874,1.1476433919615738,51.5364460857448,46741188397/906954048
27/8,44/13,"9,10,11,12","6,8",18,0.42483540579494106,1.1199252136752136,51.983037482015845,7792764673/149909760
44/13,17/5,"9,10,11,12","6,8",18,0.4147601690520711,1.0964713705098321,52.36092250962981,280616526433/5359273920
17/5,41/12,"9,10,11,12","6,8",18,0.39863979026347907,1.0589452214452215,52.96553855381215,36391901209/687086400
41/12,24/7,"9,10,11,12","6,8",18,0.4207765975400251,1.131928256928257,52.79409298735129,130586771851/2473511040
24/7,31/9,"9,10,11,12","6,8",18,0.40830249490599557,1.1028901653901655,53.26195064058763,30740272015/577152576
31/9,38/11,"9,10,11,12","6,8",18,0.5001259382710108,1.3285957869291203,51.66913732419268,95853136199/1855133280
38/11,45/13,"9,10,11,12","6,8",18,0.4895418511875918,1.3039574062301336,52.0661074542114,6558550961/125965840
45/13,7/2,"9,10,11,12","6,8",18,0.48221440628368634,1.2869000657462195,52.340932928839734,12750427127/243603360
7/2,46/13,"9,10,11,12",8,18,0.4419134593122064,1.193084693084693,53.85247303929559,3171540157/58893120
46/13,39/11,"9,10,11,12",8,18,0.4197740645931878,1.135691231845078,55.00068329778524,701818399/12760176
39/11,32/9,"9,10,11,12",8,18,0.41574872009882075,1.125256057074239,55.209448799328804,17883011813/323912160
32/9,25/7,"9,10,11,12",8,18,0.4099343336069573,1.1101830268496935,55.510998968225074,1838933957/33127380
25/7,43/12,"9,10,11,12",8,18,0.4007974405483147,1.0864968364968366,55.98486351934778,1282214611/22902880
43/12,18/5,"9,10,11,12",8,18,0.43354532171852006,1.1823685573685574,55.51381565169808,19616290841/353358720
18/5,47/13,"9,10,11,12",8,18,0.4239515840069453,1.1574980574980576,56.01137343037693,4123355671/73616400
47/13,29/8,"9,10,11,12",8,18,0.44848257825609,1.2387073396688781,55.765529328644575,21347339069/382805280
29/8,40/11,"9,10,11,12",8,18,0.4429477295763353,1.2243589743589745,56.05258189326699,400134719/7138560
40/11,11/3,"9,10,11,12",8,18,0.43640654477298896,1.2074018153563608,56.39182583327529,570812441/10122255
11/3,48/13,"9,10,11,12",8,18,0.4189633852973985,1.1621827246827248,57.2964763399641,1012310477/17667936
48/13,37/10,"9,10,11,12",8,18,0.40420378881805274,1.123920417189648,58.061949845623865,2778302621/47850660
37/10,26/7,"9,10,11,12",8,18,0.458417885182891,1.2513306138306137,57.09714745287735,16813145783/294465600
26/7,41/11,"9,10,11,12",8,18,0.45019468143011265,1.2300130425130424,57.523625548887786,5928555119/103062960
41/11,15/4,"9,10,11,12",8,18,0.4904463143821324,1.3356334322243413,56.92724199980637,18439425919/323912160
15/4,49/13,"9,10,11,12",8,18,0.47736394477543953,1.3017191142191142,57.605729879822974,150781385/2617472
49/13,34/9,"9,10,11,12",8,18,0.46629424741593023,1.2730223835993066,58.179835009067794,22271548031/382805280
34/9,19/5,"9,10,11,12",8,18,0.461374381922815,1.2602682811016144,58.43499284428771,703926623/12046320
19/5,42/11,"9,10,11,12",8,18,0.4485827316407153,1.2271076146076145,59.09840321585951,8701223381/147232800
42/11,23/6,"9,10,11,12",8,18,0.43811683595536105,1.199976160203433,59.64119351987279,3219751303/53985360
23/6,50/13,"9,10,11,12",8,18,0.42939525621756586,1.1773666148666149,60.0935187732172,10617284437/176679360
50/13,27/7,"9,10,11,12",8,18,0.42201545797789297,1.1582354611200765,60.47625552604708,2315062993/38280528
27/7,31/8,"9,10,11,12",8,18,0.4156899166296019,1.1418373293373294,60.804315599901265,4177781831/68708640
31/8,35/9,"9,10,11,12","7,8",18,0.4522433949318263,1.2223332223332224,60.3872856688939,697053549629/11543051520
35/9,39/10,"9,10,11,12","7,8",18,0.43904500428404764,1.1897030438697105,60.90748687901743,790940541373/12985932960
39/10,43/11,"9,10,11,12","7,8",18,0.42848629176582476,1.1635989010989012,61.323647847116256,26812955549/437236800
43/11,47/12,"9,10,11,12","7,8",18,0.4675746178872787,1.2672409661046025,60.68005227556075,963095333273/15871695840
47/12,51/13,"9,10,11,12","7,8",18,0.49997604667995044,1.3630790505790507,60.13735210918184,1041252830509/17314577280
51/13,4,"9,10,11,12","7,8",18,0.493884481765591,1.348018968211276,60.3774449753927,25167276261/416832416
4,53/13,"9,10,11,12",—,18,0.42078570279327854,1.16729797979798,63.258559369923006,35822057/566280
53/13,49/12,"9,10,11,12",—,18,0.42657913937051467,1.1973581973581973,64.50883267858792,474890803/7361640
49/12,45/11,"9,10,11,12",—,18,0.4242796964072217,1.19118265993266,64.67178280473735,219734023/3397680
45/11,41/10,"9,10,11,12",—,18,0.42156217290514814,1.1838842975206612,64.8643602265503,44893921/692120
41/10,37/9,"9,10,11,12",—,18,0.47694312001130185,1.3140151515151515,63.901008688281415,15077443/235950
37/9,33/8,"9,10,11,12",8,18,0.5573117590385623,1.508973279806613,62.459415057499264,6621173687/106007616
33/8,29/7,"9,10,11,12",8,18,0.5493169776122501,1.4882478632478633,62.87404653973164,1346490461/21415680
29/7,54/13,"9,10,11,12",8,18,0.5390379729212771,1.461600899100899,63.40714415974468,8713237283/137417280
54/13,25/6,"9,10,11,12",8,18,0.5327124315729861,1.445202767318152,63.73520423359887,9759269081/153122112
25/6,46/11,"9,10,11,12",8,18,0.5253326333333133,1.4260716135716136,64.11794098642875,5664158389/88339680
46/11,21/5,"9,10,11,12",8,18,0.516611053595518,1.4034620682347956,64.57026623977315,13943396273/215941440
21/5,38/9,"9,10,11,12",8,18,0.5061451579101638,1.3763306138306137,65.11305654378644,19173555263/294465600
38/9,55/13,"9,10,11,12",8,18,0.49335350762806407,1.343169947336614,65.77646691535823,34864032233/530038080
55/13,17/4,"9,10,11,12",8,18,0.48843364213494883,1.3304158448389218,66.03162475057815,4595864473/69600960
17/4,47/11,"9,10,11,12",8,18,0.47736394477543953,1.3017191142191142,66.60572987982297,174338633/2617472
47/11,30/7,"9,10,11,12",8,18,0.5120088478960194,1.3928047962138872,66.30012685074867,42950834593/647824320
30/7,43/10,"9,10,11,12",8,18,0.5045332081207664,1.373425185925186,66.68783421075817,27492182359/412251840
43/10,56/13,"9,10,11,12",8,18,0.55495197967663,1.4909965034965036,65.91986786232415,3235188907/49077600
56/13,13/3,"9,10,11,12",8,18,0.5505241007328263,1.4795178112485805,66.14950991402209,50644763329/765610560
13/3,48/11,"9,10,11,12",8,18,0.5357645042534805,1.4412555037555037,66.91498341968185,2364499289/35335872
48/11,35/8,"9,10,11,12",8,18,0.5183213447778902,1.3960364130818677,67.81963392637066,43935208231/647824320
35/8,57/13,"9,10,11,12",8,18,0.5117801599745437,1.379079254079254,68.15887786637896,5352118631/78524160
57/13,22/5,"9,10,11,12",8,18,0.5062453112947891,1.3647308887693503,68.44593043100137,52402927127/765610560
22/5,53/12,"9,10,11,12",8,18,0.4973895534071816,1.3417735042735042,68.90521453439723,1844565031/26769600
53/12,31/7,"9,10,11,12",8,18,0.5273963666597942,1.430539368039368,68.57632603208434,24232042789/353358720
31/7,40/9,"9,10,11,12","6,8",18,0.5542722939060976,1.4804154179154179,68.25696900606054,65657809153/961920960
40/9,49/11,"9,10,11,12","6,8",18,0.5376401570607249,1.4416979625312958,68.88077921037565,255566051731/3710266560
49/11,58/13,"9,10,11,12","6,8",18,0.5270560699773059,1.417059581832309,69.27774934039437,314158676003/4534770240
58/13,9/2,"9,10,11,12","6,8",18,0.5197286250734005,1.4000022413483952,69.55257481502271,24850086685/357284928
9/2,59/13,"9,10,11,12",—,18,0.47942767810192055,1.3061868686868687,71.06411492547856,40242187/566280
59/13,50/11,"9,10,11,12",—,18,0.49901777245891465,1.3733003108003108,71.33668747724691,131288753/1840410
50/11,41/9,"9,10,11,12",—,18,0.4965092892262314,1.3665633608815426,71.51445125122811,24748291/346060
41/9,32/7,"9,10,11,12",8,18,0.5892908847438114,1.5918749460416126,69.80088912856978,4624641157/66254760
32/7,55/12,"9,10,11,12",8,18,0.5801539916851688,1.5681887556887557,70.2747536796925,2897089651/41225184
55/12,23/5,"9,10,11,12",8,18,0.5733013218911869,1.550424112924113,70.63015209303452,24957780137/353358720
23/5,60/13,"9,10,11,12",8,18,0.5637075841796122,1.5255536130536131,71.12770987171336,1745388647/24538800
60/13,37/8,"9,10,11,12",8,18,0.5548518262920047,1.502596228557767,71.58699397510922,27403879273/382805280
37/8,51/11,"9,10,11,12",8,18,0.5493169776122501,1.4882478632478633,71.87404653973164,1539231581/21415680
51/11,14/3,"9,10,11,12",8,18,0.5427757928089036,1.4712907042452497,72.21329047973994,1169538145/16195608
14/3,61/13,"9,10,11,12",8,18,0.5253326333333133,1.4260716135716136,73.11794098642875,6459215509/88339680
61/13,47/10,"9,10,11,12",8,18,0.5439597889907196,1.4919759727452035,73.1782862869603,2334419531/31900440
47/10,33/7,"9,10,11,12",8,18,0.5981738853555578,1.6193861693861693,72.2134838942138,21264386863/294465600
33/7,52/11,"9,10,11,12",8,18,0.5899506816027795,1.598068598068598,72.63996199022422,2495496499/34354320
52/11,19/4,"9,10,11,12",8,18,0.5824750418275265,1.5786889877798969,73.02766935023372,23654550119/323912160
19/4,62/13,"9,10,11,12",8,18,0.5693926722208337,1.5447746697746698,73.70615723025033,1736314225/23557248
62/13,43/9,"9,10,11,12",8,18,0.5583229748613243,1.5160779391548622,74.28026235949514,28434876631/382805280
43/9,24/5,"9,10,11,12",8,18,0.661858689578597,1.7677469135802468,72.31879667400501,268053959/3706560
24/5,53/11,"9,10,11,12",8,18,0.6490670392964973,1.734586247086247,72.9822070455768,2387861043/32718400
53/11,29/6,"9,10,11,12",8,18,0.6863284163384158,1.8324547926820653,72.54090644049917,46993763387/647824320
29/6,63/13,"9,10,11,12",8,18,0.6776068366006206,1.8098452473452473,72.99323169384358,644819873/8833968
63/13,34/7,"9,10,11,12",8,18,0.6702270383609478,1.790714093598709,73.37596844667347,18725805431/255203520
34/7,39/8,"9,10,11,12",8,18,0.6639014970126567,1.7743159618159619,73.70402852052764,30384621373/412251840
39/8,44/9,"9,10,11,12",8,18,0.6536224923216838,1.7476689976689976,74.2371261405407,5829407971/78524160
44/9,49/10,"9,10,11,12",8,18,0.6456277108953715,1.7269435811102478,74.65175762277306,39568274279/530038080
49/10,54/11,"9,10,11,12",8,18,0.6392318857543217,1.7103632478632478,74.98346280855897,1003638653/13384800
54/11,59/12,"9,10,11,12",8,18,0.6339989379116445,1.696797520661157,75.2548579605656,250009883/3322176
59/12,64/13,"9,10,11,12",8,18,0.6692386990069342,1.7991291116291117,74.65457430624608,26379844819/353358720
64/13,5,"9,10,11,12",8,18,0.6655487998870978,1.7895635347558425,74.84594268266102,57302844091/765610560
5,66/13,"9,10,11,12",8,18,0.6212700104490606,1.6747766122766123,77.1423631996403,4543154453/58893120
66/13,61/12,"9,10,11,12",8,18,0.5769912210110233,1.5599896897973822,79.43878371661958,6757685743/85067840
61/12,56/11,"9,10,11,12",8,18,0.6129018728553742,1.6640604765604765,78.8037058120428,27845976617/353358720
56/11,51/10,"9,10,11,12",8,18,0.6085410829864766,1.6527557038920675,79.02986843871498,51197470781/647824320
51/10,46/9,"9,10,11,12",8,18,0.6033081351437994,1.6391899766899767,79.30126359072163,1945957847/24538800
46/9,41/8,"9,10,11,12",8,18,0.5969123100027497,1.6226096434429769,79.63296877650752,8441701175/106007616
41/8,36/7,"9,10,11,12",8,18,0.5889175285764374,1.6018842268842268,80.0476002587399,18857011711/235572480
36/7,67/13,"9,10,11,12",8,18,0.5786385238854644,1.5752372627372628,80.58069787875294,11073180323/137417280
67/13,31/6,"9,10,11,12",8,18,0.6056997346739256,1.6630057976211823,80.20362974747893,12280949177/153122112
31/6,57/11,"9,10,11,12",8,18,0.5983199364342526,1.6438746438746439,80.58636650030881,647179439/8030880
57/11,26/5,"9,10,11,12",8,18,0.5895983566964574,1.6212650985378259,81.03869175365321,5833203931/71980480
26/5,47/9,"9,10,11,12",8,18,0.5791324610111032,1.5941336441336442,81.58148205766649,24022940063/294465600
47/9,68/13,"9,10,11,12",8,18,0.6747963909393915,1.8253960545627212,80.02826890852823,21209014999/265019040
68/13,21/4,"9,10,11,12",8,18,0.6698765254462762,1.812641952065029,80.28342674374815,15366459827/191402640
21/4,58/11,"9,10,11,12",8,18,0.6588068280867669,1.7839452214452214,80.85753187299298,634926977/7852416
58/11,37/7,"9,10,11,12",8,18,0.6457244584800741,1.7500309034399943,81.53601975300958,6602627069/80978040
37/7,53/10,"9,10,11,12",8,18,0.6382488187048211,1.7306512931512932,81.92372711301907,16886603621/206125920
53/10,69/13,"9,10,11,12",8,18,0.6886675902606847,1.8482226107226107,81.15576076458507,2655286643/32718400
69/13,16/3,"9,10,11,12",8,18,0.684239711316881,1.8367439184746877,81.38540281628299,2832251083/34800480
16/3,59/11,"9,10,11,12",8,18,0.6694801148375352,1.798481610981611,82.15087632194276,3628591063/44169840
59/11,43/8,"9,10,11,12",8,18,0.6997642280892175,1.8782625203079748,82.07143591954066,26583936083/323912160
43/8,70/13,"9,10,11,12","7,8",18,0.7400555262790683,1.9684482184482184,81.46055230852855,62686890143/769536768
70/13,27/5,"9,10,11,12","7,8",18,0.7309181789075293,1.9458580948965565,81.82069160784484,383687061319/4689364680
27/5,65/12,"9,10,11,12","7,8",18,0.7162984231130668,1.9097138972138972,82.3969144867509,594444893131/7214407200
65/12,38/7,"9,10,11,12","7,8",18,0.7004603543357324,1.870557683057683,83.02115593889913,1437476220379/17314577280
38/7,49/9,"9,10,11,12","7,8",18,0.6891474480662079,1.8425889586603872,83.46704269043359,532216747/6376370
49/9,60/11,"9,10,11,12","7,8",18,0.6740635730401752,1.8052973261306595,84.06155835914619,218323552273/2597186592
60/11,71/13,"9,10,11,12","7,8",18,0.6644647434781543,1.7815662872481055,84.4398865119633,670102097741/7935847920
71/13,11/2,"9,10,11,12","7,8",18,0.6912061520719689,1.869303773149927,83.99667779724695,175062690711/2084162080
11/2,72/13,"9,10,11,12",8,18,0.6546567625858127,1.7789432789432789,85.4372349945121,5031665333/58893120
72/13,61/11,"9,10,11,12",8,18,0.6325173678667941,1.7215498177036639,86.58544525300174,16572682807/191402640
61/11,50/9,"9,10,11,12",8,18,0.6762192960996998,1.8361146429328248,85.8101198454544,9264980423/107970720
50/9,39/7,"9,10,11,12",8,18,0.6704049096078363,1.8210416127082794,86.11167001435066,570530803/6625476
39/7,67/12,"9,10,11,12",8,18,0.6612680165491938,1.7973554223554224,86.58553456547338,17847522971/206125920
67/12,28/5,"9,10,11,12",8,18,0.6940158977193991,1.8932271432271432,86.11448669782368,30429304793/353358720
28/5,73/13,"9,10,11,12",8,18,0.6844221600078243,1.8683566433566434,86.61204447650252,708451879/8179600
73/13,45/8,"9,10,11,12",8,18,0.708953154256969,1.949565925527464,86.36620037477017,33061437517/382805280
45/8,62/11,"9,10,11,12",8,18,0.7034183055772144,1.9352175602175603,86.65325293939259,4082624339/47114496
62/11,17/3,"9,10,11,12",8,18,0.696877120773868,1.9182604012149467,86.99249687940089,1761120473/20244510
17/3,74/13,"9,10,11,12",8,18,0.6794339612982775,1.8730413105413106,87.8971473860897,705891443/8030880
74/13,57/10,"9,10,11,12",8,18,0.6646743648189318,1.8347790030482338,88.66262089174946,471396103/5316740
57/10,40/7,"9,10,11,12",8,18,0.660246485875128,1.8233003108003107,88.89226294344738,26175713543/294465600
40/7,63/11,"9,10,11,12",8,18,0.6520232821223497,1.8019827394827395,89.31874103945782,1841090767/20612592
63/11,23/4,"9,10,11,12",8,18,0.6445476423470967,1.7826031291940383,89.7064483994673,29057009467/323912160
23/4,75/13,"9,10,11,12",8,18,0.6314652727404039,1.7486888111888113,90.38493627948392,3548700599/39262080
75/13,52/9,"9,10,11,12",8,18,0.6203955753808945,1.7199920805690037,90.95904140872874,6963920263/76561056
52/9,29/5,"9,10,11,12",8,18,0.6154757098877793,1.7072379780713114,91.21419924394866,12086749759/132509520
29/5,64/11,"9,10,11,12",8,18,0.6026840596056796,1.6740773115773115,91.87760961552046,13527397721/147232800
64/11,35/6,"9,10,11,12",8,18,0.5922181639203254,1.64694585717313,92.42039991953374,1663116187/17995120
35/6,76/13,"9,10,11,12",8,18,0.5834965841825301,1.6243363118363119,92.87272517287815,3281738729/35335872
76/13,41/7,"9,10,11,12",8,18,0.5761167859428573,1.6052051580897735,93.25546192570802,17849341607/191402640
41/7,47/8,"9,10,11,12",8,18,0.5697912445945663,1.5888070263070264,93.58352199956221,6429996523/68708640
47/8,53/9,"9,10,11,12","7,8",18,0.6063447228967906,1.6693029193029194,93.16649206855485,215085123577/2308610304
53/9,59/10,"9,10,11,12","7,8",18,0.7016019124593998,1.9010958177624844,91.47006975796832,2375648387447/25971865920
59/10,65/11,"9,10,11,12","7,8",18,0.7496851752498189,2.013880563880564,90.6917862816227,654287475931/7214407200
65/11,71/12,"9,10,11,12","7,8",18,0.7410462286440002,1.9925226288862652,91.0322816191581,74094188999/813933120
71/12,77/13,"9,10,11,12","7,8",18,0.7734476574366719,2.0883607133607134,90.48958145277919,1566788851099/17314577280
77/13,6,"9,10,11,12","7,8",18,0.7673560925223125,2.0733006309929385,90.72967431899005,680743248287/7502983488
6,79/13,"9,10,11,12",8,18,0.69425731355,1.8925796425796426,93.61078871352035,5513031413/58893120
79/13,73/12,"9,10,11,12",8,18,0.6833652762487149,1.881959386767079,95.20208102537144,24295906189/255203520
73/12,67/11,"9,10,11,12",8,18,0.7192759280930658,1.9860301735301735,94.56700312079464,33416075177/353358720
67/11,61/10,"9,10,11,12",8,18,0.7626424109514409,2.0997254008617645,93.80907483837593,60771800117/647824320
61/10,55/9,"9,10,11,12",8,18,0.8160514384174058,2.2250485625485625,92.88602554593814,6837934811/73616400
55/9,49/8,"9,10,11,12",8,18,0.8096556132763559,2.2084682293015625,93.21773073172403,49408947019/530038080
49/8,43/7,"9,10,11,12",8,18,0.8016608318500437,2.1877428127428127,93.6323622139564,4411441555/47114496
43/7,80/13,"9,10,11,12",8,18,0.7913818271590708,2.1610958485958487,94.16545983396945,3529080371/37477440
80/13,37/6,"9,10,11,12",8,18,0.7850562858107797,2.1446977168131016,94.49351990782364,72345236693/765610560
37/6,68/11,"9,10,11,12",8,18,0.7776764875711069,2.125566563066563,94.87625666065351,8381338153/88339680
68/11,31/5,"9,10,11,12",8,18,0.7689549078333117,2.102957017729745,95.32858191399792,12351234751/129564864
31/5,56/9,"9,10,11,12",8,18,0.7584890121479574,2.075825563325563,95.8713722180112,28230821143/294465600
56/9,81/13,"9,10,11,12",8,18,0.7456973618658577,2.0426648968315635,96.534782589583,51167110817/530038080
81/13,25/4,"9,10,11,12",8,18,0.7407774963727425,2.0299107943338712,96.78994042480292,24701133497/255203520
25/4,69/11,"9,10,11,12",8,18,0.7297077990132331,2.001214063714064,97.36404555404773,11468144837/117786240
69/11,44/7,"9,10,11,12",8,18,0.7166254294065404,1.9672997457088366,98.04253343406435,7057148617/71980480
44/7,63/10,"9,10,11,12",8,18,0.7091497896312873,1.9479201354201354,98.43024079407384,40578047879/412251840
63/10,82/13,"9,10,11,12",8,18,0.700926585878509,1.9266025641025641,98.85671889008428,441059137/4461600
82/13,19/3,"9,10,11,12",8,18,0.6964987069347053,1.915123871854641,99.0863609417822,75861564289/765610560
19/3,70/11,"9,10,11,12",8,18,0.6817391104553595,1.8768615643615643,99.85183444744196,3528351641/35335872
70/11,51/8,"9,10,11,12",8,18,0.664295950979769,1.8316424736879282,100.75648495413077,65272501351/647824320
51/8,83/13,"9,10,11,12",8,18,0.6577547661764226,1.8146853146853146,101.09572889413907,2646152397/26174720
83/13,32/5,"9,10,11,12",8,18,0.6856066696334201,1.9045036160420776,100.67765325363328,7007261317/69600960
32/5,77/12,"9,10,11,12",8,18,0.6767509117458127,1.8815462315462315,101.13693735702914,29781348941/294465600
77/12,45/7,"9,10,11,12",8,18,0.6671571740342379,1.8566757316757316,101.63449513570798,35913435109/353358720
45/7,58/9,"9,10,11,12",8,18,0.660304504240256,1.838911088911089,101.98989354905002,14015173759/137417280
58/9,71/11,"9,10,11,12",8,18,0.6511676111816134,1.815224898558232,102.46375810017273,54309693613/530038080
71/11,84/13,"9,10,11,12",8,18,0.6930804974170226,1.9251518683336866,101.78121735997809,13187269585/129564864
84/13,13/2,"9,10,11,12",8,18,0.6890551529226556,1.9147166935628475,101.98998286152165,26028202631/255203520
13/2,85/13,"9,10,11,12",—,18,0.666915758203637,1.8573232323232323,103.13819312001131,7300637/70785
85/13,72/11,"9,10,11,12",—,18,0.653119100423879,1.8202700077700078,104.11589387690786,766463729/7361640
72/11,59/9,"9,10,11,12",—,18,0.6506106171911957,1.8135330578512396,104.29365765088906,16657783/159720
59/9,46/7,"9,10,11,12",8,18,0.7433922127087758,2.0388446430113096,102.58009552823073,679641961/6625476
46/7,79/12,"9,10,11,12",8,18,0.7342553196501331,2.0151584526584525,103.05396007935343,21242092331/206125920
79/12,33/5,"9,10,11,12",8,18,0.7670032008203386,2.1110301735301737,102.58291221170373,36248566553/353358720
33/5,86/13,"9,10,11,12",8,18,0.7574094631087638,2.0861596736596737,103.08046999038258,2529471037/24538800
86/13,53/8,"9,10,11,12",8,18,0.7485537052211564,2.0632022891638275,103.53975409377844,39635564557/382805280
53/8,73/11,"9,10,11,12",8,18,0.7430188565414017,2.048853923853924,103.82680665840084,4891747667/47114496
73/11,20/3,"9,10,11,12",8,18,0.7842049444653281,2.1568967648513104,103.18195968931823,8355472859/80978040
20/3,87/13,"9,10,11,12",8,18,0.7667617849897376,2.1116776741776744,104.08661019600704,9194977837/88339680
87/13,67/10,"9,10,11,12",8,18,0.7520021885103918,2.0734153666845976,104.85208370166681,222988507/2126696
67/10,47/7,"9,10,11,12",8,18,0.8062162848752301,2.200825563325563,103.8872813089203,30591230623/294465600
47/7,74/11,"9,10,11,12",8,18,0.7979930811224517,2.179507992007992,104.31375940493074,1194542757/11451440
74/11,27/4,"9,10,11,12",8,18,0.7905174413471987,2.1601283817192907,104.70146676494022,6782815651/64782432
27/4,88/13,"9,10,11,12",8,18,0.7774350717405059,2.126214063714064,105.37995464495683,12412308629/117786240
88/13,61/9,"9,10,11,12",8,18,0.7663653743809966,2.097517333094256,105.95405977420165,40559773519/382805280
61/9,34/5,"9,10,11,12",8,18,0.8699010890982692,2.349186307519641,103.99259408871151,848000537/8154432
34/5,75/11,"9,10,11,12",8,18,0.8571094388161696,2.3160256410256412,104.65600446028331,933866459/8923200
75/11,41/6,"9,10,11,12",8,18,0.8466435431308154,2.288894186621459,105.1987947642966,68150337683/647824320
41/6,89/13,"9,10,11,12",8,18,0.8379219633930202,2.266284641284641,105.65112001764099,4666593067/44169840
89/13,48/7,"9,10,11,12",8,18,0.8639289172900994,2.3513201542047697,105.32872856534267,8960087429/85067840
48/7,55/8,"9,10,11,12",8,18,0.8576033759418084,2.3349220224220226,105.65678863919686,8711441105/82450368
55/8,62/9,"9,10,11,12",8,18,0.8473243712508354,2.308275058275058,106.1898862592099,8338471619/78524160
62/9,69/10,"9,10,11,12",8,18,0.8393295898245231,2.2875496417163084,106.60451774144228,56504453903/530038080
69/10,76/11,"9,10,11,12",8,18,0.8329337646834734,2.2709693084693083,106.93622292722817,15744519523/147232800
76/11,83/12,"9,10,11,12",8,18,0.8277008168407962,2.2574035812672175,107.20761807923482,593604293/5536960
83/12,90/13,"9,10,11,12",8,18,0.8629405779360859,2.359735172235172,106.60733442491528,7534126247/70671744
90/13,7,"9,10,11,12",8,18,0.8592506788162495,2.350169595361903,106.79870280133022,81766214659/765610560
7,92/13,"9,10,11,12",8,18,0.8149718893782122,2.2353826728826727,109.0951233183095,6424952189/58893120
92/13,85/12,"9,10,11,12",8,18,0.770693099940175,2.1205957504034427,111.39154383528879,5685502817/51040704
85/12,78/11,"9,10,11,12",8,18,0.7670032008203386,2.1110301735301737,111.58291221170373,39428795033/353358720
78/11,71/10,"9,10,11,12",8,18,0.7626424109514409,2.0997254008617645,111.80907483837593,72432637877/647824320
71/10,64/9,"9,10,11,12",8,18,0.8160514384174058,2.2250485625485625,110.88602554593814,8163030011/73616400
64/9,57/8,"9,10,11,12",8,18,0.8096556132763559,2.2084682293015625,111.21773073172403,58949632459/530038080
57/8,50/7,"9,10,11,12",8,18,0.8016608318500437,2.1877428127428127,111.6323622139564,5259502483/47114496
50/7,93/13,"9,10,11,12",8,18,0.7913818271590708,2.1610958485958487,112.16545983396945,4203674291/37477440
93/13,43/6,"9,10,11,12",8,18,0.7850562858107797,2.1446977168131016,112.49351990782364,86126226773/765610560
43/6,79/11,"9,10,11,12",8,18,0.7776764875711069,2.125566563066563,112.87625666065351,9971452393/88339680
79/11,36/5,"9,10,11,12",8,18,0.8166821805605844,2.227957017729745,112.34449100490701,72779493491/647824320
36/5,65/9,"9,10,11,12",8,18,0.8062162848752301,2.200825563325563,112.8872813089203,33241421023/294465600
65/9,94/13,"9,10,11,12",8,18,0.7934246345931304,2.1676648968315635,113.5506916804921,60186190601/530038080
94/13,29/4,"9,10,11,12",8,18,0.7885047691000152,2.1549107943338712,113.80584951571201,29043653393/255203520
29/4,80/11,"9,10,11,12",8,18,0.7774350717405059,2.126214063714064,114.37995464495683,13472384789/117786240
80/11,51/7,"9,10,11,12",8,18,0.7643527021338131,2.0922997457088366,115.05844252497344,8281961921/71980480
51/7,73/10,"9,10,11,12",8,18,0.75687706235856,2.0729201354201354,115.44614988498293,47592887711/412251840
73/10,95/13,"9,10,11,12",8,18,0.8072958339144236,2.190491452991453,114.67818353654891,1534944551/13384800
95/13,22/3,"9,10,11,12",8,18,0.8028679549706199,2.17901276074353,114.90782558824685,87974644697/765610560
22/3,81/11,"9,10,11,12",8,18,0.7881083584912741,2.1407504532504533,115.6732990939066,20437084453/176679360
81/11,59/8,"9,10,11,12",8,18,0.7706651990156838,2.0955313625768173,116.57794960059542,25174010309/215941440
59/8,96/13,"9,10,11,12",8,18,0.7641240142123373,2.0785742035742034,116.91719354060372,27542473237/235572480
96/13,37/5,"9,10,11,12",8,18,0.7585891655325827,2.0642258382642997,117.20424610522613,181278401/1546688
37/5,89/12,"9,10,11,12",8,18,0.7497334076449752,2.0412684537684536,117.66353020862199,34647862021/294465600
89/12,52/7,"9,10,11,12",8,18,0.7797402208975879,2.1300343175343177,117.3346417063091,8292243761/70671744
52/7,67/9,"9,10,11,12",8,18,0.7728875511036059,2.1122696747696748,117.69004011965113,48517935589/412251840
67/9,82/11,"9,10,11,12",8,18,0.8722062382553512,2.3530065613398947,115.94728115006379,30728237141/265019040
82/11,97/13,"9,10,11,12",8,18,0.8663918517634877,2.3379335311153495,116.24883131896006,3765441005/32391216
97/13,15/2,"9,10,11,12",8,18,0.8957532594058728,2.4316650230111767,115.75246861537542,4028241469/34800480
15/2,98/13,"9,10,11,12",8,18,0.8736138646868542,2.374271561771562,116.90067887386506,2294881903/19631040
98/13,83/11,"9,10,11,12",8,18,0.8514744699678356,2.3168781005319468,118.0488891323547,22594869029/191402640
83/11,68/9,"9,10,11,12",8,18,0.8951763982007412,2.4314429257611074,117.27356372480737,37986333337/323912160
68/9,53/7,"9,10,11,12",8,18,0.8893620117088779,2.4163698955365622,117.57511389370363,708173723/6023160
53/7,91/12,"9,10,11,12",8,18,0.8802251186502352,2.392683705183705,118.04897844482635,24332954287/206125920
91/12,38/5,"9,10,11,12",8,18,0.8733724488562532,2.3749190624190626,118.40437685816838,41839219049/353358720
38/5,99/13,"9,10,11,12",8,18,0.8637787111446785,2.3500485625485625,118.90193463684723,8753132381/73616400
99/13,61/8,"9,10,11,12",8,18,0.854922953257071,2.3270911780527164,119.36121874024307,5076900529/42533920
61/8,84/11,"9,10,11,12",8,18,0.8493881045773164,2.3127428127428127,119.64827130486549,28185839999/235572480
84/11,23/3,"9,10,11,12",8,18,0.84284691977397,2.2957856537401993,119.98751524487379,3238784603/26992680
23/3,100/13,"9,10,11,12",8,18,0.8254037602983796,2.250566563066563,120.8921657515626,10679575237/88339680
100/13,77/10,"9,10,11,12",8,18,0.8106441638190338,2.2123042555734864,121.65763925722237,2328559333/19140264
77/10,54/7,"9,10,11,12",8,18,0.8062162848752301,2.200825563325563,121.8872813089203,35891611423/294465600
54/7,85/11,"9,10,11,12",8,18,0.7979930811224517,2.179507992007992,122.31375940493074,1400668677/11451440
85/11,31/4,"9,10,11,12",8,18,0.7905174413471987,2.1601283817192907,122.70146676494022,7948899427/64782432
31/4,101/13,"9,10,11,12",8,18,0.7774350717405059,2.126214063714064,123.37995464495683,14532460949/117786240
101/13,70/9,"9,10,11,12",8,18,0.7997521265177487,2.201683999760923,123.24893156907345,47180341759/382805280
70/9,39/5,"9,10,11,12",8,18,0.7948322610246334,2.1889298972632307,123.50408940429337,3273093521/26501904
39/5,86/11,"9,10,11,12",8,18,0.7820406107425338,2.1557692307692307,124.16749977586517,553985717/4461600
86/11,47/6,"9,10,11,12",8,18,0.7715747150571796,2.128637776365049,124.71029007987845,20197589717/161956080
47/6,102/13,"9,10,11,12",8,18,0.7628531353193844,2.106028231028231,125.16261533322285,22113650773/176679360
102/13,55/7,"9,10,11,12",8,18,0.7554733370797114,2.0868970772816926,125.54535208605273,2669967981/21266960
55/7,63/8,"9,10,11,12",8,18,0.7491477957314204,2.0704989454989455,125.87341215990692,5189154577/41225184
63/8,71/9,"9,10,11,12",8,18,0.7388687910404476,2.0438519813519815,126.40650977991996,9925964999/78524160
71/9,79/10,"9,10,11,12",8,18,0.8393295898245231,2.2875496417163084,124.60451774144228,66045139343/530038080
79/10,87/11,"9,10,11,12",8,18,0.8915757399921153,2.409858197358197,123.74177848278373,18218848523/147232800
87/11,95/12,"9,10,11,12",8,18,0.8863427921494381,2.3962924701561064,124.01317363479038,6179903837/49832640
95/12,103/13,"9,10,11,12",8,18,0.8819820022805406,2.3849876974876976,124.23933626146257,8780210567/70671744
103/13,8,"9,10,11,12",8,18,0.9116788552974563,2.479588787281095,123.7255764327493,94725607859/765610560
8,105/13,"9,10,11,12",8,18,0.867400065859419,2.3648018648018647,126.02199694972859,824647621/6543680
105/13,97/12,"9,10,11,12",8,18,0.8231212764213818,2.2500149423226348,128.31841746670787,19648387091/153122112
97/12,89/11,"9,10,11,12",8,18,0.8590319282657326,2.354085729085729,127.68333956213108,45118021433/353358720
89/11,81/10,"9,10,11,12",8,18,0.9023984111241078,2.46778095641732,126.92541127971238,82225368253/647824320
81/10,73/9,"9,10,11,12",8,18,0.8971654632814307,2.454215229215229,127.19680643171903,9363770981/73616400
73/9,65/8,"9,10,11,12",8,18,0.9992252183507687,2.702057972891306,125.31188809679486,8302509071/66254760
65/8,57/7,"9,10,11,12",8,18,0.9912304369244564,2.6813325563325563,125.72651957902723,29617708019/235572480
57/7,106/13,"9,10,11,12",8,18,0.9809514322334835,2.6546855921855923,126.25961719904028,1182971807/9369360
106/13,49/6,"9,10,11,12",8,18,0.9746258908851925,2.6382874604028452,126.58767727289445,48458431243/382805280
49/6,90/11,"9,10,11,12",8,18,0.9672460926455196,2.619156306656307,126.97041402572434,22433051489/176679360
90/11,41/5,"9,10,11,12",8,18,0.9585245129077244,2.596546761319489,127.42273927906875,41273774713/323912160
41/5,74/9,"9,10,11,12",8,18,0.9480586172223702,2.5694153069153067,127.96552958308203,2355090403/18404100
74/9,107/13,"9,10,11,12",8,18,0.9352669669402704,2.536254640421307,128.62893995465382,34089118183/265019040
107/13,33/4,"9,10,11,12",8,18,0.9637338535839074,2.6276672045902814,128.17896958474554,2725977019/21266960
33/4,91/11,"9,10,11,12",8,18,0.952664156224398,2.598970473970474,128.75307471399037,15165340559/117786240
91/11,58/7,"9,10,11,12",8,18,0.9395817866177052,2.5650561559652467,129.43156259400698,3493704751/26992680
58/7,83/10,"9,10,11,12",8,18,0.9321061468424522,2.5456765456765456,129.81926995401645,26759116453/206125920
83/10,108/13,"9,10,11,12",8,18,0.9825249183983158,2.663247863247863,129.05130360558246,3454651777/26769600
108/13,25/3,"9,10,11,12",8,18,0.9780970394545121,2.6517691709999403,129.28094565728037,49489428601/382805280
25/3,92/11,"9,10,11,12",8,18,0.9633374429751663,2.6135068635068635,130.04641916294014,5744129527/44169840
92/11,67/8,"9,10,11,12",8,18,0.9458942834995759,2.5682877728332274,130.95106966962896,14138881277/107970720
67/8,109/13,"9,10,11,12",8,18,0.9393530986962295,2.551330613830614,131.29031360963725,30928384777/235572480
109/13,42/5,"9,10,11,12",8,18,0.967205002153227,2.641148915187377,130.87223796913145,25302315/193336
42/5,101/12,"9,10,11,12",8,18,0.9583492442656195,2.6181915306915307,131.33152207252732,19336307723/147232800
101/12,59/7,"9,10,11,12",8,18,0.9883560575182322,2.7069573944573944,131.0026335702144,9258184583/70671744
59/7,76/9,"9,10,11,12",8,18,0.9815033877242502,2.689192751692752,131.35803198355646,3384536899/25765740
76/9,93/11,"9,10,11,12",8,18,0.9723664946656075,2.6655065613398947,131.83189653467917,34937962661/265019040
93/11,110/13,"9,10,11,12",8,18,0.9665521081737442,2.6504335311153495,132.13344670357543,4279963013/32391216
110/13,17/2,"9,10,11,12",8,18,0.9625267636793771,2.63999835634451,132.342212205119,4605572509/34800480
17/2,111/13,"9,10,11,12",8,18,0.9403873689603585,2.582604895104895,133.49042246360864,2620555823/19631040
111/13,94/11,"9,10,11,12",8,18,0.9182479742413399,2.52521143386528,134.6386327220983,25770189749/191402640
94/11,77/9,"9,10,11,12",8,18,0.9142226297469729,2.514776259094441,134.84739822364187,43678712029/323912160
77/9,60/7,"9,10,11,12",8,18,0.9084082432551094,2.4997032288698957,135.14894839253813,40701187/301158
60/7,103/12,"9,10,11,12",8,18,0.8992713501964668,2.4760170385170386,135.62281294366085,27955377091/206125920
103/12,43/5,"9,10,11,12",8,18,0.9320192313666721,2.5718887593887594,135.15176507601115,47757054713/353358720
43/5,112/13,"9,10,11,12",8,18,0.9224254936550974,2.5470182595182593,135.64932285468998,9986014811/73616400
112/13,69/8,"9,10,11,12",8,18,0.9135697357674899,2.5240608750224136,136.10860695808586,17367697799/127601760
69/8,95/11,"9,10,11,12",8,18,0.9080348870877353,2.50971250971251,136.39565952270826,6426212755/47114496
95/11,26/3,"9,10,11,12",8,18,0.9014937022843889,2.492755350709896,136.73490346271655,615140249/4498780
26/3,113/13,"9,10,11,12",8,18,0.8840505428087985,2.44753626003626,137.63955396940537,12159034153/88339680
113/13,87/10,"9,10,11,12",8,18,0.9026776984662048,2.51344061920985,137.69989926993694,3294515531/23925330
87/10,61/7,"9,10,11,12",8,18,0.8982498195224011,2.501961926961927,137.92954132163484,40615505143/294465600
61/7,96/11,"9,10,11,12",8,18,0.8900266157696227,2.4806443556443556,138.35601941764529,316875131/2290288
96/11,35/4,"9,10,11,12",8,18,0.8825509759943697,2.4612647453556544,138.74372677765479,44940780227/323912160
35/4,114/13,"9,10,11,12",8,18,0.8694686063876769,2.427350427350427,139.4222146576714,1492910767/10707840
114/13,79/9,"9,10,11,12",8,18,0.8583989090281676,2.39865369673062,139.99631978691622,10718266079/76561056
79/9,44/5,"9,10,11,12",8,18,0.9619346237454403,2.6503226711560046,138.03485410142608,5627979157/40772160
44/5,97/11,"9,10,11,12",8,18,0.9491429734633406,2.6171620046620045,138.69826447299786,13613955889/98155200
97/11,53/6,"9,10,11,12",8,18,0.9864043505052591,2.715030550257823,138.25696386792023,89566223603/647824320
53/6,115/13,"9,10,11,12",8,18,0.9776827707674639,2.692421004921005,138.70928912126465,6126767107/44169840
115/13,62/7,"9,10,11,12",8,18,0.970302972527791,2.6732898511744665,139.09202587409453,35496774607/255203520
62/7,71/8,"9,10,11,12",8,18,0.9639774311795,2.6568917193917194,139.4200859479487,11495237393/82450368
71/8,80/9,"9,10,11,12",8,18,0.953698426488527,2.6302447552447554,139.95318356796176,3663235393/26174720
80/9,89/10,"9,10,11,12",8,18,0.9457036450622147,2.609519338686005,140.36781505019414,74400287183/530038080
89/10,98/11,"9,10,11,12",8,18,0.9979497952298069,2.7318278943278944,139.50507579153557,20539722923/147232800
98/11,107/12,"9,10,11,12",8,18,0.9927168473871297,2.7182621671258036,139.77647094354222,6965430557/49832640
107/12,116/13,"9,10,11,12",8,18,1.0279566084824194,2.820593758093758,139.1761872892227,9835823879/70671744
116/13,9,"9,10,11,12",8,18,1.024266709362583,2.8110281812204887,139.36755566563764,106701272339/765610560
9,118/13,"9,10,11,12",8,18,0.9799879199245458,2.6962412587412588,141.66397618261692,2781011183/19631040
118/13,109/12,"9,10,11,12",8,18,0.9357091304865086,2.5814543362620284,143.9603966995962,22043519987/153122112
109/12,100/11,"9,10,11,12",8,18,0.9716197823308594,2.685525123025123,143.3253187950194,50645251193/353358720
100/11,91/10,"9,10,11,12",8,18,0.9672589924619618,2.674220350356714,143.55148142169162,92996140837/647824320
91/10,82/9,"9,10,11,12",8,18,0.9620260446192848,2.660654623154623,143.82287657369824,10587722411/73616400
82/9,73/8,"9,10,11,12",8,18,0.9556302194782349,2.644074289907623,144.15458175948416,76407417739/530038080
73/8,64/7,"9,10,11,12",8,18,0.9476354380519226,2.6233488733488732,144.5692132417165,6811305619/47114496
64/7,119/13,"9,10,11,12",8,18,0.9373564333609496,2.5967019092019092,145.10231086172956,59818694641/412251840
119/13,55/6,"9,10,11,12",8,18,0.9310308920126587,2.580303777419162,145.43037093558374,111343027733/765610560
55/6,101/11,"9,10,11,12",8,18,0.9236510937729858,2.5611726236726238,145.81310768841362,12881083273/88339680
101/11,46/5,"9,10,11,12",8,18,0.9626567867624632,2.6635630783358057,145.28134203266714,94116786611/647824320
46/5,83/9,"9,10,11,12",8,18,0.9521908910771091,2.636431623931624,145.8241323366804,3903653693/26769600
83/9,120/13,"9,10,11,12",8,18,1.0478548210053973,2.867694034360701,144.27091918754215,38234540503/265019040
120/13,37/4,"9,10,11,12",8,18,1.042934955512282,2.854939931863009,144.52607702276208,3073630299/21266960
37/4,102/11,"9,10,11,12",8,18,1.0318652581527727,2.826243201243201,145.10018215200688,17090804879/117786240
102/11,65/7,"9,10,11,12",8,18,1.01878288854608,2.7923288832379742,145.77867003202348,3934956991/26992680
65/7,93/10,"9,10,11,12",8,18,1.0113072487708268,2.772949272949273,146.16637739203298,30128679013/206125920
93/10,121/13,"9,10,11,12",8,18,1.0030840450180485,2.751631701631702,146.59285548804343,4796283683/32718400
121/13,28/3,"9,10,11,12",8,18,0.9986561660742448,2.7401530093837785,146.82249753974136,56204427281/382805280
28/3,103/11,"9,10,11,12",8,18,0.983896569594899,2.7018907018907017,147.5879710454011,6518937067/44169840
103/11,75/8,"9,10,11,12",8,18,1.0141806828465814,2.7816716112170656,147.508530642999,47779806779/323912160
75/8,122/13,"9,10,11,12",8,18,1.0076394980432348,2.7647144522144522,147.84777458300732,11609622307/78524160
122/13,47/5,"9,10,11,12",8,18,1.0021046493634802,2.7503660869045485,148.13482714762972,1772087312/11962665
47/5,113/12,"9,10,11,12",8,18,0.9932488914758728,2.7274087024087024,148.5941112510256,21877927063/147232800
113/12,66/7,"9,10,11,12",8,18,1.0232557047284854,2.816174566174566,148.2652227487127,52390809331/353358720
66/7,85/9,"9,10,11,12",8,18,1.0164030349345035,2.7984099234099236,148.62062116205473,850960063/5725720
85/9,104/11,"9,10,11,12",8,18,1.0072661418758608,2.7747237330570664,149.09448571317745,39512877473/265019040
104/11,123/13,"9,10,11,12",8,18,1.0014517553839974,2.7596507028325212,149.3960358820737,24195596339/161956080
123/13,19/2,"9,10,11,12",8,18,0.9974264108896304,2.749215528061682,149.60480138361729,19089835961/127601760
19/2,124/13,"9,10,11,12",8,18,0.9752870161706118,2.6918220668220667,150.7530116421069,1775663041/11778624
124/13,105/11,"9,10,11,12",8,18,0.9531476214515932,2.634428605582452,151.90122190059657,29074294891/191402640
105/11,86/9,"9,10,11,12",8,18,0.9491222769572261,2.6239934308116126,152.10998740214015,5474474953/35990240
86/9,67/7,"9,10,11,12",8,18,0.9433078904653627,2.6089204005870674,152.4115375710364,10097989843/66254760
67/7,115/12,"9,10,11,12",8,18,0.93417099740672,2.5852342102342103,152.88540212215912,31513644167/206125920
115/12,48/5,"9,10,11,12",8,18,0.927318327612738,2.5674695674695673,153.24080053550114,54148973129/353358720
48/5,125/13,"9,10,11,12",8,18,0.9177245899011633,2.5425990675990677,153.73835831418,3772554827/24538800
125/13,77/8,"9,10,11,12",8,18,0.9088688320135558,2.5196416831032216,154.19764241757585,5366151971/34800480
77/8,106/11,"9,10,11,12",8,18,0.9033339833338012,2.505293317793318,154.48469498219825,36392342719/235572480
106/11,29/3,"9,10,11,12",8,18,0.8967927985304548,2.4883361587907045,154.82393892220657,12537339119/80978040
29/3,126/13,"9,10,11,12",8,18,0.8793496390548644,2.443117068117068,155.72858942889536,13757013757/88339680
126/13,97/10,"9,10,11,12",8,18,0.8645900425755186,2.404854760623991,156.49406293455513,998445893/6380088
97/10,68/7,"9,10,11,12",8,18,0.9188041389403568,2.532264957264957,155.5292605418086,4163456093/26769600
68/7,107/11,"9,10,11,12",8,18,0.9105809351875785,2.510947385947386,155.95573863781905,5357753351/34354320
107/11,39/4,"9,10,11,12",8,18,0.9508325681395983,2.6165677756586847,155.35935508873763,50322784283/323912160
39/4,127/13,"9,10,11,12",8,18,0.9377501985329054,2.5826534576534574,156.03784296875423,18379110821/117786240
127/13,88/9,"9,10,11,12",8,18,0.9600672533101482,2.6581233937003166,155.90681989287086,59681953843/382805280
88/9,49/5,"9,10,11,12",8,18,0.955147387817033,2.6453692912026243,156.1619777280908,20692948711/132509520
49/5,108/11,"9,10,11,12",8,18,0.9423557375349333,2.6122086247086247,156.82538809966258,2565537889/16359200
108/11,59/6,"9,10,11,12",8,18,0.9318898418495791,2.585077170304443,157.36817840367587,25486733291/161956080
59/6,128/13,"9,10,11,12",8,18,0.9231682621117838,2.562467624967625,157.82050365702025,27883625581/176679360
128/13,69/7,"9,10,11,12",8,18,0.915788463872111,2.5433364712210866,158.20324040985014,10093505957/63800880
69/7,79/8,"9,10,11,12",8,18,0.90946292252382,2.5269383394383396,158.53130048370434,270061241/1703520
79/8,89/9,"9,10,11,12",8,18,0.899183917832847,2.500291375291375,159.06439810371737,12490398247/78524160
89/9,99/10,"9,10,11,12",8,18,0.9996447166169227,2.7439890356557024,157.2624060652397,83355063767/530038080
99/10,109/11,"9,10,11,12",8,18,0.9932488914758728,2.7274087024087024,157.5941112510256,23203022263/147232800
109/11,119/12,"9,10,11,12",8,18,1.0357432163604685,2.8388429752066116,156.88141549394132,2605938367/16610880
119/12,129/13,"9,10,11,12",8,18,1.0313824264915707,2.8275382025382023,157.1075781206135,55515332707/353358720
129/13,10,"9,10,11,12",8,18,1.0276925273717343,2.8179726256649333,157.29894649702845,24085946903/153122112
