n,farey_size,raw_gap,f_value,total_pairs_at_gap,rank_left,rank_right,left_num,left_den,right_num,right_den,delta_num,delta_den_down,det,left_den_slack,right_den_slack,center2_left_offset,center2_right_offset,predicted_f,excess_over_predicted,predicted_template
401,49079,103,102,1,24539,24642,200,401,201,400,1,1,601,0,1,-1,2,102,0,True
402,49211,103,102,1,24605,24708,200,401,201,400,1,1,601,1,2,-1,2,102,0,True
403,49571,105,104,1,24784,24889,200,401,201,400,1,1,601,2,3,-1,2,104,0,True
404,49771,103,102,1,24784,24887,201,404,202,403,1,1,605,0,1,-2,1,102,0,True
405,49987,104,103,1,24993,25097,202,405,203,404,1,1,607,0,1,-1,2,103,0,True
406,50155,104,103,1,25077,25181,202,405,203,404,1,1,607,1,2,-1,2,103,0,True
407,50515,106,105,1,25256,25362,202,405,203,404,1,1,607,2,3,-1,2,105,0,True
408,50643,104,103,1,25219,25323,203,408,204,407,1,1,611,0,1,-2,1,103,0,True
409,51051,105,104,1,25525,25630,204,409,205,408,1,1,613,0,1,-1,2,104,0,True
410,51211,105,104,1,25605,25710,204,409,205,408,1,1,613,1,2,-1,2,104,0,True
411,51483,107,106,1,25740,25847,204,409,205,408,1,1,613,2,3,-1,2,106,0,True
412,51687,105,104,1,25740,25845,205,412,206,411,1,1,617,0,1,-2,1,104,0,True
413,52035,106,105,1,26017,26123,206,413,207,412,1,1,619,0,1,-1,2,105,0,True
414,52167,106,105,1,26083,26189,206,413,207,412,1,1,619,1,2,-1,2,105,0,True
415,52495,108,107,1,26246,26354,206,413,207,412,1,1,619,2,3,-1,2,107,0,True
416,52687,106,105,1,26239,26345,207,416,208,415,1,1,623,0,1,-2,1,105,0,True
417,52963,107,106,1,26481,26588,208,417,209,416,1,1,625,0,1,-1,2,106,0,True
418,53143,107,106,1,26571,26678,208,417,209,416,1,1,625,1,2,-1,2,106,0,True
419,53561,109,108,1,26779,26888,208,417,209,416,1,1,625,2,3,-1,2,108,0,True
420,53657,107,106,1,26723,26830,209,420,210,419,1,1,629,0,1,-2,1,106,0,True
421,54077,108,107,1,27038,27146,210,421,211,420,1,1,631,0,1,-1,2,107,0,True
422,54287,108,107,1,27143,27251,210,421,211,420,1,1,631,1,2,-1,2,107,0,True
423,54563,110,109,1,27280,27390,210,421,211,420,1,1,631,2,3,-1,2,109,0,True
424,54771,108,107,1,27279,27387,211,424,212,423,1,1,635,0,1,-2,1,107,0,True
425,55091,109,108,1,27545,27654,212,425,213,424,1,1,637,0,1,-1,2,108,0,True
426,55231,109,108,1,27615,27724,212,425,213,424,1,1,637,1,2,-1,2,108,0,True
427,55591,111,110,1,27794,27905,212,425,213,424,1,1,637,2,3,-1,2,110,0,True
428,55803,109,108,1,27794,27903,213,428,214,427,1,1,641,0,1,-2,1,108,0,True
429,56043,110,109,1,28021,28131,214,429,215,428,1,1,643,0,1,-1,2,109,0,True
430,56211,110,109,1,28105,28215,214,429,215,428,1,1,643,1,2,-1,2,109,0,True
431,56641,112,111,1,28319,28431,214,429,215,428,1,1,643,2,3,-1,2,111,0,True
432,56785,110,109,1,28284,28394,215,432,216,431,1,1,647,0,1,-2,1,109,0,True
433,57217,111,110,1,28608,28719,216,433,217,432,1,1,649,0,1,-1,2,110,0,True
434,57397,111,110,1,28698,28809,216,433,217,432,1,1,649,1,2,-1,2,110,0,True
435,57621,113,112,1,28809,28922,216,433,217,432,1,1,649,2,3,-1,2,112,0,True
436,57837,111,110,1,28809,28920,217,436,218,435,1,1,653,0,1,-2,1,110,0,True
437,58233,112,111,1,29116,29228,218,437,219,436,1,1,655,0,1,-1,2,111,0,True
438,58377,112,111,1,29188,29300,218,437,219,436,1,1,655,1,2,-1,2,111,0,True
439,58815,114,113,1,29406,29520,218,437,219,436,1,1,655,2,3,-1,2,113,0,True
440,58975,112,111,1,29377,29489,219,440,220,439,1,1,659,0,1,-2,1,111,0,True
441,59227,113,112,1,29613,29726,220,441,221,440,1,1,661,0,1,-1,2,112,0,True
442,59419,113,112,1,29709,29822,220,441,221,440,1,1,661,1,2,-1,2,112,0,True
443,59861,115,114,1,29929,30044,220,441,221,440,1,1,661,2,3,-1,2,114,0,True
444,60005,113,112,1,29891,30004,221,444,222,443,1,1,665,0,1,-2,1,112,0,True
445,60357,114,113,1,30178,30292,222,445,223,444,1,1,667,0,1,-1,2,113,0,True
446,60579,114,113,1,30289,30403,222,445,223,444,1,1,667,1,2,-1,2,113,0,True
447,60875,116,115,1,30436,30552,222,445,223,444,1,1,667,2,3,-1,2,115,0,True
448,61067,114,113,1,30421,30535,223,448,224,447,1,1,671,0,1,-2,1,113,0,True
449,61515,115,114,1,30757,30872,224,449,225,448,1,1,673,0,1,-1,2,114,0,True
450,61635,115,114,1,30817,30932,224,449,225,448,1,1,673,1,2,-1,2,114,0,True
451,62035,117,116,1,31016,31133,224,449,225,448,1,1,673,2,3,-1,2,116,0,True
452,62259,115,114,1,31016,31131,225,452,226,451,1,1,677,0,1,-2,1,114,0,True
453,62559,116,115,1,31279,31395,226,453,227,452,1,1,679,0,1,-1,2,115,0,True
454,62785,116,115,1,31392,31508,226,453,227,452,1,1,679,1,2,-1,2,115,0,True
455,63073,118,117,1,31535,31653,226,453,227,452,1,1,679,2,3,-1,2,117,0,True
456,63217,116,115,1,31494,31610,227,456,228,455,1,1,683,0,1,-2,1,115,0,True
457,63673,117,116,1,31836,31953,228,457,229,456,1,1,685,0,1,-1,2,116,0,True
458,63901,117,116,1,31950,32067,228,457,229,456,1,1,685,1,2,-1,2,116,0,True
459,64189,119,118,1,32093,32212,228,457,229,456,1,1,685,2,3,-1,2,118,0,True
460,64365,117,116,1,32067,32184,229,460,230,459,1,1,689,0,1,-2,1,116,0,True
461,64825,118,117,1,32412,32530,230,461,231,460,1,1,691,0,1,-1,2,117,0,True
462,64945,118,117,1,32472,32590,230,461,231,460,1,1,691,1,2,-1,2,117,0,True
463,65407,120,119,1,32702,32822,230,461,231,460,1,1,691,2,3,-1,2,119,0,True
464,65631,118,117,1,32699,32817,231,464,232,463,1,1,695,0,1,-2,1,117,0,True
465,65871,119,118,1,32935,33054,232,465,233,464,1,1,697,0,1,-1,2,118,0,True
466,66103,119,118,1,33051,33170,232,465,233,464,1,1,697,1,2,-1,2,118,0,True
467,66569,121,120,1,33283,33404,232,465,233,464,1,1,697,2,3,-1,2,120,0,True
468,66713,119,118,1,33239,33358,233,468,234,467,1,1,701,0,1,-2,1,118,0,True
469,67109,120,119,1,33554,33674,234,469,235,468,1,1,703,0,1,-1,2,119,0,True
470,67293,120,119,1,33646,33766,234,469,235,468,1,1,703,1,2,-1,2,119,0,True
471,67605,122,121,1,33801,33923,234,469,235,468,1,1,703,2,3,-1,2,121,0,True
472,67837,120,119,1,33800,33920,235,472,236,471,1,1,707,0,1,-2,1,119,0,True
473,68257,121,120,1,34128,34249,236,473,237,472,1,1,709,0,1,-1,2,120,0,True
474,68413,121,120,1,34206,34327,236,473,237,472,1,1,709,1,2,-1,2,120,0,True
475,68773,123,122,1,34385,34508,236,473,237,472,1,1,709,2,3,-1,2,122,0,True
476,68965,121,120,1,34363,34484,237,476,238,475,1,1,713,0,1,-2,1,120,0,True
477,69277,122,121,1,34638,34760,238,477,239,476,1,1,715,0,1,-1,2,121,0,True
478,69515,122,121,1,34757,34879,238,477,239,476,1,1,715,1,2,-1,2,121,0,True
479,69993,124,123,1,34995,35119,238,477,239,476,1,1,715,2,3,-1,2,123,0,True
480,70121,122,121,1,34940,35062,239,480,240,479,1,1,719,0,1,-2,1,121,0,True
481,70553,123,122,1,35276,35399,240,481,241,480,1,1,721,0,1,-1,2,122,0,True
482,70793,123,122,1,35396,35519,240,481,241,480,1,1,721,1,2,-1,2,122,0,True
483,71057,125,124,1,35527,35652,240,481,241,480,1,1,721,2,3,-1,2,124,0,True
484,71277,123,122,1,35517,35640,241,484,242,483,1,1,725,0,1,-2,1,122,0,True
485,71661,124,123,1,35830,35954,242,485,243,484,1,1,727,0,1,-1,2,123,0,True
486,71823,124,123,1,35911,36035,242,485,243,484,1,1,727,1,2,-1,2,123,0,True
487,72309,126,125,1,36153,36279,242,485,243,484,1,1,727,2,3,-1,2,125,0,True
488,72549,124,123,1,36152,36276,243,488,244,487,1,1,731,0,1,-2,1,123,0,True
489,72873,125,124,1,36436,36561,244,489,245,488,1,1,733,0,1,-1,2,124,0,True
490,73041,125,124,1,36520,36645,244,489,245,488,1,1,733,1,2,-1,2,124,0,True
491,73531,127,126,1,36764,36891,244,489,245,488,1,1,733,2,3,-1,2,126,0,True
492,73691,125,124,1,36722,36847,245,492,246,491,1,1,737,0,1,-2,1,124,0,True
493,74139,126,125,1,37069,37195,246,493,247,492,1,1,739,0,1,-1,2,125,0,True
494,74355,126,125,1,37177,37303,246,493,247,492,1,1,739,1,2,-1,2,125,0,True
495,74595,128,127,1,37296,37424,246,493,247,492,1,1,739,2,3,-1,2,127,0,True
496,74835,126,125,1,37293,37419,247,496,248,495,1,1,743,0,1,-2,1,125,0,True
497,75255,127,126,1,37627,37754,248,497,249,496,1,1,745,0,1,-1,2,126,0,True
498,75419,127,126,1,37709,37836,248,497,249,496,1,1,745,1,2,-1,2,126,0,True
499,75917,129,128,1,37957,38086,248,497,249,496,1,1,745,2,3,-1,2,128,0,True
500,76117,127,126,1,37933,38060,249,500,250,499,1,1,749,0,1,-2,1,126,0,True
